"","year","parent_entity","commodity","total_emissions_MtCO2e","total","avg_emissions"
"1",1970,"BP","Oil & NGL",742.992419812778,742.992419812778,440.203023655119
"2",1971,"BP","Oil & NGL",804.309051574226,804.309051574226,440.203023655119
"3",1972,"BP","Oil & NGL",876.380954505574,876.380954505574,440.203023655119
"4",1973,"BP","Oil & NGL",878.31900511494,878.31900511494,440.203023655119
"5",1974,"BP","Oil & NGL",824.338291544405,824.338291544405,440.203023655119
"6",1975,"BP","Oil & NGL",688.681298815788,688.681298815788,440.203023655119
"7",1976,"BP","Oil & NGL",694.223410344304,694.223410344304,440.203023655119
"8",1977,"BP","Oil & NGL",717.879126539218,717.879126539218,440.203023655119
"9",1978,"BP","Oil & NGL",831.867214249627,831.867214249627,440.203023655119
"10",1979,"BP","Oil & NGL",728.195552603055,728.195552603055,440.203023655119
"11",1980,"BP","Oil & NGL",601.509498148437,601.509498148437,440.203023655119
"12",1981,"BP","Oil & NGL",582.096691842692,582.096691842692,440.203023655119
"13",1982,"BP","Oil & NGL",573.440321138307,573.440321138307,440.203023655119
"14",1983,"BP","Oil & NGL",548.940404896602,548.940404896602,440.203023655119
"15",1984,"BP","Oil & NGL",528.363167131982,528.363167131982,440.203023655119
"16",1985,"BP","Oil & NGL",501.085163874141,501.085163874141,440.203023655119
"17",1986,"BP","Oil & NGL",472.198989052677,472.198989052677,440.203023655119
"18",1987,"BP","Oil & NGL",481.373373042659,481.373373042659,440.203023655119
"19",1988,"BP","Oil & NGL",396.145364588832,396.145364588832,440.203023655119
"20",1989,"BP","Oil & NGL",376.694872974277,376.694872974277,440.203023655119
"21",1990,"BP","Oil & NGL",355.815759544167,355.815759544167,440.203023655119
"22",1991,"BP","Oil & NGL",335.697813424718,335.697813424718,440.203023655119
"23",1992,"BP","Oil & NGL",323.297814721388,323.297814721388,440.203023655119
"24",1993,"BP","Oil & NGL",324.566526600296,324.566526600296,440.203023655119
"25",1994,"BP","Oil & NGL",323.010096468793,323.010096468793,440.203023655119
"26",1995,"BP","Oil & NGL",312.442482201604,312.442482201604,440.203023655119
"27",1996,"BP","Oil & NGL",316.430261170354,316.430261170354,440.203023655119
"28",1997,"BP","Oil & NGL",315.034538531292,315.034538531292,440.203023655119
"29",1998,"BP","Oil & NGL",336.169767065669,336.169767065669,440.203023655119
"30",1999,"BP","Oil & NGL",338.56243444692,338.56243444692,440.203023655119
"31",2000,"BP","Oil & NGL",280.627981588912,280.627981588912,440.203023655119
"32",2001,"BP","Oil & NGL",281.06464338599,281.06464338599,440.203023655119
"33",2002,"BP","Oil & NGL",293.727835501257,293.727835501257,440.203023655119
"34",2003,"BP","Oil & NGL",308.719890534275,308.719890534275,440.203023655119
"35",2004,"BP","Oil & NGL",368.397002801627,368.397002801627,440.203023655119
"36",2005,"BP","Oil & NGL",372.909174704768,372.909174704768,440.203023655119
"37",2006,"BP","Oil & NGL",360.245982589501,360.245982589501,440.203023655119
"38",2007,"BP","Oil & NGL",351.367192715577,351.367192715577,440.203023655119
"39",2008,"BP","Oil & NGL",349.474991594905,349.474991594905,440.203023655119
"40",2009,"BP","Oil & NGL",368.979218531064,368.979218531064,440.203023655119
"41",2010,"BP","Oil & NGL",345.545035421202,345.545035421202,440.203023655119
"42",2011,"BP","Oil & NGL",313.959832099213,313.959832099213,440.203023655119
"43",2012,"BP","Oil & NGL",299.258884930914,299.258884930914,440.203023655119
"44",2013,"BP","Oil & NGL",293.14561977182,293.14561977182,440.203023655119
"45",2014,"BP","Oil & NGL",280.482427656553,280.482427656553,440.203023655119
"46",2015,"BP","Oil & NGL",297.657791674961,297.657791674961,440.203023655119
"47",2016,"BP","Oil & NGL",298.094453472039,298.094453472039,440.203023655119
"48",2017,"BP","Oil & NGL",328.951887132231,328.951887132231,440.203023655119
"49",2018,"BP","Oil & NGL",318.908665799433,318.908665799433,440.203023655119
"50",2019,"BP","Oil & NGL",321.81974444662,321.81974444662,440.203023655119
"51",2020,"BP","Oil & NGL",306.682135481244,306.682135481244,440.203023655119
"52",2021,"BP","Oil & NGL",283.975722033178,283.975722033178,440.203023655119
"53",2022,"BP","Oil & NGL",176.702473884305,176.702473884305,440.203023655119
"54",1970,"Chevron","Oil & NGL",1355.69849589314,1355.69849589314,521.665723885259
"55",1971,"Chevron","Oil & NGL",1382.97342176201,1382.97342176201,521.665723885259
"56",1972,"Chevron","Oil & NGL",1488.03882884701,1488.03882884701,521.665723885259
"57",1973,"Chevron","Oil & NGL",1560.5830541493,1560.5830541493,521.665723885259
"58",1974,"Chevron","Oil & NGL",1541.93115058502,1541.93115058502,521.665723885259
"59",1975,"Chevron","Oil & NGL",1143.96884052547,1143.96884052547,521.665723885259
"60",1976,"Chevron","Oil & NGL",1183.57996464189,1183.57996464189,521.665723885259
"61",1977,"Chevron","Oil & NGL",1150.79980281485,1150.79980281485,521.665723885259
"62",1978,"Chevron","Oil & NGL",1062.4885260499,1062.4885260499,521.665723885259
"63",1979,"Chevron","Oil & NGL",1063.09529612956,1063.09529612956,521.665723885259
"64",1980,"Chevron","Oil & NGL",993.170584841566,993.170584841566,521.665723885259
"65",1981,"Chevron","Oil & NGL",942.18552275054,942.18552275054,521.665723885259
"66",1982,"Chevron","Oil & NGL",671.64357183203,671.64357183203,521.665723885259
"67",1983,"Chevron","Oil & NGL",561.905929489404,561.905929489404,521.665723885259
"68",1984,"Chevron","Oil & NGL",419.0389839896,419.0389839896,521.665723885259
"69",1985,"Chevron","Oil & NGL",365.854793709048,365.854793709048,521.665723885259
"70",1986,"Chevron","Oil & NGL",363.671484723657,363.671484723657,521.665723885259
"71",1987,"Chevron","Oil & NGL",347.329566509718,347.329566509718,521.665723885259
"72",1988,"Chevron","Oil & NGL",322.631257466761,322.631257466761,521.665723885259
"73",1989,"Chevron","Oil & NGL",283.285836271584,283.285836271584,521.665723885259
"74",1990,"Chevron","Oil & NGL",273.671301177927,273.671301177927,521.665723885259
"75",1991,"Chevron","Oil & NGL",276.620263725318,276.620263725318,521.665723885259
"76",1992,"Chevron","Oil & NGL",265.555211118122,265.555211118122,521.665723885259
"77",1993,"Chevron","Oil & NGL",265.453193363876,265.453193363876,521.665723885259
"78",1994,"Chevron","Oil & NGL",304.078533335108,304.078533335108,521.665723885259
"79",1995,"Chevron","Oil & NGL",291.561000828342,291.561000828342,521.665723885259
"80",1996,"Chevron","Oil & NGL",307.298247331916,307.298247331916,521.665723885259
"81",1997,"Chevron","Oil & NGL",316.629650118792,316.629650118792,521.665723885259
"82",1998,"Chevron","Oil & NGL",333.617588525669,333.617588525669,521.665723885259
"83",1999,"Chevron","Oil & NGL",327.795431231293,327.795431231293,521.665723885259
"84",2000,"Chevron","Oil & NGL",315.194049690042,315.194049690042,521.665723885259
"85",2001,"Chevron","Oil & NGL",313.931917646432,313.931917646432,521.665723885259
"86",2002,"Chevron","Oil & NGL",304.660973576501,304.660973576501,521.665723885259
"87",2003,"Chevron","Oil & NGL",291.692118203279,291.692118203279,521.665723885259
"88",2004,"Chevron","Oil & NGL",299.02235979083,299.02235979083,521.665723885259
"89",2005,"Chevron","Oil & NGL",272.505781055393,272.505781055393,521.665723885259
"90",2006,"Chevron","Oil & NGL",280.038051501059,280.038051501059,521.665723885259
"91",2007,"Chevron","Oil & NGL",271.787763507064,271.787763507064,521.665723885259
"92",2008,"Chevron","Oil & NGL",256.466028817253,256.466028817253,521.665723885259
"93",2009,"Chevron","Oil & NGL",284.121275965537,284.121275965537,521.665723885259
"94",2010,"Chevron","Oil & NGL",292.272296177664,292.272296177664,521.665723885259
"95",2011,"Chevron","Oil & NGL",280.482427656553,280.482427656553,521.665723885259
"96",2012,"Chevron","Oil & NGL",272.622515309145,272.622515309145,521.665723885259
"97",2013,"Chevron","Oil & NGL",269.856990594317,269.856990594317,521.665723885259
"98",2014,"Chevron","Oil & NGL",268.110343406004,268.110343406004,521.665723885259
"99",2015,"Chevron","Oil & NGL",276.843579347568,276.843579347568,521.665723885259
"100",2016,"Chevron","Oil & NGL",277.280241144646,277.280241144646,521.665723885259
"101",2017,"Chevron","Oil & NGL",279.172442265318,279.172442265318,521.665723885259
"102",2018,"Chevron","Oil & NGL",288.34234000396,288.34234000396,521.665723885259
"103",2019,"Chevron","Oil & NGL",301.587747848665,301.587747848665,521.665723885259
"104",2020,"Chevron","Oil & NGL",271.894745647348,271.894745647348,521.665723885259
"105",2021,"Chevron","Oil & NGL",264.034833299941,264.034833299941,521.665723885259
"106",2022,"Chevron","Oil & NGL",250.207209725799,250.207209725799,521.665723885259
"107",1988,"CNPC","Oil & NGL",66.5287147025103,66.5287147025103,390.519633611379
"108",1989,"CNPC","Oil & NGL",399.172288215062,399.172288215062,390.519633611379
"109",1990,"CNPC","Oil & NGL",403.204331530366,403.204331530366,390.519633611379
"110",1991,"CNPC","Oil & NGL",407.551010606304,407.551010606304,390.519633611379
"111",1992,"CNPC","Oil & NGL",412.655367686304,412.655367686304,390.519633611379
"112",1993,"CNPC","Oil & NGL",423.262859743181,423.262859743181,390.519633611379
"113",1994,"CNPC","Oil & NGL",430.999150942557,430.999150942557,390.519633611379
"114",1995,"CNPC","Oil & NGL",437.698619610058,437.698619610058,390.519633611379
"115",1996,"CNPC","Oil & NGL",458.634459195998,458.634459195998,390.519633611379
"116",1997,"CNPC","Oil & NGL",467.248061768499,467.248061768499,390.519633611379
"117",1998,"CNPC","Oil & NGL",465.772583550061,465.772583550061,390.519633611379
"118",1999,"CNPC","Oil & NGL",423.312697409621,423.312697409621,390.519633611379
"119",2000,"CNPC","Oil & NGL",380.852810990035,380.852810990035,390.519633611379
"120",2001,"CNPC","Oil & NGL",338.392924729961,338.392924729961,390.519633611379
"121",2002,"CNPC","Oil & NGL",346.431167362628,346.431167362628,390.519633611379
"122",2003,"CNPC","Oil & NGL",360.742657269835,360.742657269835,390.519633611379
"123",2004,"CNPC","Oil & NGL",356.446558384781,356.446558384781,390.519633611379
"124",2005,"CNPC","Oil & NGL",371.20887348363,371.20887348363,390.519633611379
"125",2006,"CNPC","Oil & NGL",396.932428536115,396.932428536115,390.519633611379
"126",2007,"CNPC","Oil & NGL",405.565878284544,405.565878284544,390.519633611379
"127",2008,"CNPC","Oil & NGL",408.836570851355,408.836570851355,390.519633611379
"128",2009,"CNPC","Oil & NGL",405.006030007342,405.006030007342,390.519633611379
"129",2010,"CNPC","Oil & NGL",416.762843828581,416.762843828581,390.519633611379
"130",2011,"CNPC","Oil & NGL",353.357094420984,353.357094420984,390.519633611379
"131",2012,"CNPC","Oil & NGL",365.479942485986,365.479942485986,390.519633611379
"132",2013,"CNPC","Oil & NGL",372.019899994737,372.019899994737,390.519633611379
"133",2014,"CNPC","Oil & NGL",480.231959043991,480.231959043991,390.519633611379
"134",2015,"CNPC","Oil & NGL",490.810144913226,490.810144913226,390.519633611379
"135",2016,"CNPC","Oil & NGL",483.738377201203,483.738377201203,390.519633611379
"136",2017,"CNPC","Oil & NGL",338.649276309522,338.649276309522,390.519633611379
"137",2018,"CNPC","Oil & NGL",355.031961587859,355.031961587859,390.519633611379
"138",2019,"CNPC","Oil & NGL",362.608741628485,362.608741628485,390.519633611379
"139",2020,"CNPC","Oil & NGL",367.593465339423,367.593465339423,390.519633611379
"140",2021,"CNPC","Oil & NGL",354.074894635359,354.074894635359,390.519633611379
"141",2022,"CNPC","Oil & NGL",361.372530148173,361.372530148173,390.519633611379
"142",1970,"ExxonMobil","Oil & NGL",916.884342455495,916.884342455495,440.484772573236
"143",1971,"ExxonMobil","Oil & NGL",956.173669422223,956.173669422223,440.484772573236
"144",1972,"ExxonMobil","Oil & NGL",1023.22630816212,1023.22630816212,440.484772573236
"145",1973,"ExxonMobil","Oil & NGL",1010.13900958642,1010.13900958642,440.484772573236
"146",1974,"ExxonMobil","Oil & NGL",845.738398331323,845.738398331323,440.484772573236
"147",1975,"ExxonMobil","Oil & NGL",745.510475041795,745.510475041795,440.484772573236
"148",1976,"ExxonMobil","Oil & NGL",608.239158059219,608.239158059219,440.484772573236
"149",1977,"ExxonMobil","Oil & NGL",654.917910152382,654.917910152382,440.484772573236
"150",1978,"ExxonMobil","Oil & NGL",616.007044369554,616.007044369554,440.484772573236
"151",1979,"ExxonMobil","Oil & NGL",645.244262043712,645.244262043712,440.484772573236
"152",1980,"ExxonMobil","Oil & NGL",535.044526617264,535.044526617264,440.484772573236
"153",1981,"ExxonMobil","Oil & NGL",281.06464338599,281.06464338599,440.484772573236
"154",1982,"ExxonMobil","Oil & NGL",285.285707424413,285.285707424413,440.484772573236
"155",1983,"ExxonMobil","Oil & NGL",319.927543325948,319.927543325948,440.484772573236
"156",1984,"ExxonMobil","Oil & NGL",342.488402841655,342.488402841655,440.484772573236
"157",1985,"ExxonMobil","Oil & NGL",362.72039943961,362.72039943961,440.484772573236
"158",1986,"ExxonMobil","Oil & NGL",367.232571342751,367.232571342751,440.484772573236
"159",1987,"ExxonMobil","Oil & NGL",370.289203922299,370.289203922299,440.484772573236
"160",1988,"ExxonMobil","Oil & NGL",373.828357757065,373.828357757065,440.484772573236
"161",1989,"ExxonMobil","Oil & NGL",361.874990298235,361.874990298235,440.484772573236
"162",1990,"ExxonMobil","Oil & NGL",346.091361139921,346.091361139921,440.484772573236
"163",1991,"ExxonMobil","Oil & NGL",359.288915637,359.288915637,440.484772573236
"164",1992,"ExxonMobil","Oil & NGL",359.029710004032,359.029710004032,440.484772573236
"165",1993,"ExxonMobil","Oil & NGL",356.2901058525,356.2901058525,440.484772573236
"166",1994,"ExxonMobil","Oil & NGL",375.350255716588,375.350255716588,440.484772573236
"167",1995,"ExxonMobil","Oil & NGL",370.672870130772,370.672870130772,440.484772573236
"168",1996,"ExxonMobil","Oil & NGL",361.282071370046,361.282071370046,440.484772573236
"169",1997,"ExxonMobil","Oil & NGL",369.434074569687,369.434074569687,440.484772573236
"170",1998,"ExxonMobil","Oil & NGL",366.496796214675,366.496796214675,440.484772573236
"171",1999,"ExxonMobil","Oil & NGL",368.926382453618,368.926382453618,440.484772573236
"172",2000,"ExxonMobil","Oil & NGL",374.127606672548,374.127606672548,440.484772573236
"173",2001,"ExxonMobil","Oil & NGL",372.621269026561,372.621269026561,440.484772573236
"174",2002,"ExxonMobil","Oil & NGL",365.937286898685,365.937286898685,440.484772573236
"175",2003,"ExxonMobil","Oil & NGL",369.038313427602,369.038313427602,440.484772573236
"176",2004,"ExxonMobil","Oil & NGL",378.614888853256,378.614888853256,440.484772573236
"177",2005,"ExxonMobil","Oil & NGL",374.437490994542,374.437490994542,440.484772573236
"178",2006,"ExxonMobil","Oil & NGL",398.512111406785,398.512111406785,440.484772573236
"179",2007,"ExxonMobil","Oil & NGL",389.588490921696,389.588490921696,440.484772573236
"180",2008,"ExxonMobil","Oil & NGL",360.486001023961,360.486001023961,440.484772573236
"181",2009,"ExxonMobil","Oil & NGL",360.079614444814,360.079614444814,440.484772573236
"182",2010,"ExxonMobil","Oil & NGL",352.531624174453,352.531624174453,440.484772573236
"183",2011,"ExxonMobil","Oil & NGL",336.520691614919,336.520691614919,440.484772573236
"184",2012,"ExxonMobil","Oil & NGL",318.035342205276,318.035342205276,440.484772573236
"185",2013,"ExxonMobil","Oil & NGL",320.509759055386,320.509759055386,440.484772573236
"186",2014,"ExxonMobil","Oil & NGL",307.264351210681,307.264351210681,440.484772573236
"187",2015,"ExxonMobil","Oil & NGL",341.323971382779,341.323971382779,440.484772573236
"188",2016,"ExxonMobil","Oil & NGL",344.235050029967,344.235050029967,440.484772573236
"189",2017,"ExxonMobil","Oil & NGL",332.299627576497,332.299627576497,440.484772573236
"190",2018,"ExxonMobil","Oil & NGL",329.825210726387,329.825210726387,440.484772573236
"191",2019,"ExxonMobil","Oil & NGL",347.291682609515,347.291682609515,440.484772573236
"192",2020,"ExxonMobil","Oil & NGL",341.906187112217,341.906187112217,440.484772573236
"193",2021,"ExxonMobil","Oil & NGL",333.172951170653,333.172951170653,440.484772573236
"194",2022,"ExxonMobil","Oil & NGL",342.633956774014,342.633956774014,440.484772573236
"195",1970,"Former Soviet Union","Oil & NGL",778.713538122759,778.713538122759,1442.4791662086
"196",1971,"Former Soviet Union","Oil & NGL",836.935111066517,836.935111066517,1442.4791662086
"197",1972,"Former Soviet Union","Oil & NGL",880.601290774335,880.601290774335,1442.4791662086
"198",1973,"Former Soviet Union","Oil & NGL",946.100560336062,946.100560336062,1442.4791662086
"199",1974,"Former Soviet Union","Oil & NGL",989.76674004388,989.76674004388,1442.4791662086
"200",1975,"Former Soviet Union","Oil & NGL",1091.65449269546,1091.65449269546,1442.4791662086
"201",1976,"Former Soviet Union","Oil & NGL",1178.98685211109,1178.98685211109,1442.4791662086
"202",1977,"Former Soviet Union","Oil & NGL",1251.76381829079,1251.76381829079,1442.4791662086
"203",1978,"Former Soviet Union","Oil & NGL",1368.20696417831,1368.20696417831,1442.4791662086
"204",1979,"Former Soviet Union","Oil & NGL",1440.983930358,1440.983930358,1442.4791662086
"205",1980,"Former Soviet Union","Oil & NGL",1745.3372029215,1745.3372029215,1442.4791662086
"206",1981,"Former Soviet Union","Oil & NGL",1768.48027816664,1768.48027816664,1442.4791662086
"207",1982,"Former Soviet Union","Oil & NGL",1779.68793095831,1779.68793095831,1442.4791662086
"208",1983,"Former Soviet Union","Oil & NGL",1790.60447588527,1790.60447588527,1442.4791662086
"209",1984,"Former Soviet Union","Oil & NGL",1775.90352871697,1775.90352871697,1442.4791662086
"210",1985,"Former Soviet Union","Oil & NGL",1737.18618270937,1737.18618270937,1442.4791662086
"211",1986,"Former Soviet Union","Oil & NGL",1795.40775565313,1795.40775565313,1442.4791662086
"212",1987,"Former Soviet Union","Oil & NGL",1816.51307584524,1816.51307584524,1442.4791662086
"213",1988,"Former Soviet Union","Oil & NGL",1819.86081628951,1819.86081628951,1442.4791662086
"214",1989,"Former Soviet Union","Oil & NGL",1767.02473884305,1767.02473884305,1442.4791662086
"215",1990,"Former Soviet Union","Oil & NGL",1659.31482889709,1659.31482889709,1442.4791662086
"216",1991,"Former Soviet Union","Oil & NGL",1515.50754372601,1515.50754372601,1442.4791662086
"217",1970,"National Iranian Oil Co.","Oil & NGL",557.47156093648,557.47156093648,541.848004242124
"218",1971,"National Iranian Oil Co.","Oil & NGL",660.81485291165,660.81485291165,541.848004242124
"219",1972,"National Iranian Oil Co.","Oil & NGL",730.680740444159,730.680740444159,541.848004242124
"220",1973,"National Iranian Oil Co.","Oil & NGL",853.154604507987,853.154604507987,541.848004242124
"221",1974,"National Iranian Oil Co.","Oil & NGL",876.508234432834,876.508234432834,541.848004242124
"222",1975,"National Iranian Oil Co.","Oil & NGL",778.697587012866,778.697587012866,541.848004242124
"223",1976,"National Iranian Oil Co.","Oil & NGL",856.303328623877,856.303328623877,541.848004242124
"224",1977,"National Iranian Oil Co.","Oil & NGL",824.257961784676,824.257961784676,541.848004242124
"225",1978,"National Iranian Oil Co.","Oil & NGL",762.976566010281,762.976566010281,541.848004242124
"226",1979,"National Iranian Oil Co.","Oil & NGL",461.12482714005,461.12482714005,541.848004242124
"227",1980,"National Iranian Oil Co.","Oil & NGL",241.905863304533,241.905863304533,541.848004242124
"228",1981,"National Iranian Oil Co.","Oil & NGL",200.858046153785,200.858046153785,541.848004242124
"229",1982,"National Iranian Oil Co.","Oil & NGL",322.232878323857,322.232878323857,541.848004242124
"230",1983,"National Iranian Oil Co.","Oil & NGL",355.116103668271,355.116103668271,541.848004242124
"231",1984,"National Iranian Oil Co.","Oil & NGL",316.480380812645,316.480380812645,541.848004242124
"232",1985,"National Iranian Oil Co.","Oil & NGL",327.565367008945,327.565367008945,541.848004242124
"233",1986,"National Iranian Oil Co.","Oil & NGL",296.200258408048,296.200258408048,541.848004242124
"234",1987,"National Iranian Oil Co.","Oil & NGL",334.491310861832,334.491310861832,541.848004242124
"235",1988,"National Iranian Oil Co.","Oil & NGL",326.04518310848,326.04518310848,541.848004242124
"236",1989,"National Iranian Oil Co.","Oil & NGL",408.988206204464,408.988206204464,541.848004242124
"237",1990,"National Iranian Oil Co.","Oil & NGL",449.470395970784,449.470395970784,541.848004242124
"238",1991,"National Iranian Oil Co.","Oil & NGL",482.074583655874,482.074583655874,541.848004242124
"239",1992,"National Iranian Oil Co.","Oil & NGL",499.118750890703,499.118750890703,541.848004242124
"240",1993,"National Iranian Oil Co.","Oil & NGL",523.246624537964,523.246624537964,541.848004242124
"241",1994,"National Iranian Oil Co.","Oil & NGL",534.627569183779,534.627569183779,541.848004242124
"242",1995,"National Iranian Oil Co.","Oil & NGL",539.018113746623,539.018113746623,541.848004242124
"243",1996,"National Iranian Oil Co.","Oil & NGL",545.202875725063,545.202875725063,541.848004242124
"244",1997,"National Iranian Oil Co.","Oil & NGL",543.52430396536,543.52430396536,541.848004242124
"245",1998,"National Iranian Oil Co.","Oil & NGL",539.825638957887,539.825638957887,541.848004242124
"246",1999,"National Iranian Oil Co.","Oil & NGL",528.675809066937,528.675809066937,541.848004242124
"247",2000,"National Iranian Oil Co.","Oil & NGL",548.927545106983,548.927545106983,541.848004242124
"248",2001,"National Iranian Oil Co.","Oil & NGL",553.643691924315,553.643691924315,541.848004242124
"249",2002,"National Iranian Oil Co.","Oil & NGL",513.878357603729,513.878357603729,541.848004242124
"250",2003,"National Iranian Oil Co.","Oil & NGL",558.606149909265,558.606149909265,541.848004242124
"251",2004,"National Iranian Oil Co.","Oil & NGL",597.707678680292,597.707678680292,541.848004242124
"252",2005,"National Iranian Oil Co.","Oil & NGL",617.190544849107,617.190544849107,541.848004242124
"253",2006,"National Iranian Oil Co.","Oil & NGL",604.106642046655,604.106642046655,541.848004242124
"254",2007,"National Iranian Oil Co.","Oil & NGL",587.390271437397,587.390271437397,541.848004242124
"255",2008,"National Iranian Oil Co.","Oil & NGL",607.854299052221,607.854299052221,541.848004242124
"256",2009,"National Iranian Oil Co.","Oil & NGL",607.419894214418,607.419894214418,541.848004242124
"257",2010,"National Iranian Oil Co.","Oil & NGL",622.434973550672,622.434973550672,541.848004242124
"258",2011,"National Iranian Oil Co.","Oil & NGL",621.447941623463,621.447941623463,541.848004242124
"259",2012,"National Iranian Oil Co.","Oil & NGL",523.60083003236,523.60083003236,541.848004242124
"260",2013,"National Iranian Oil Co.","Oil & NGL",488.155958967267,488.155958967267,541.848004242124
"261",2014,"National Iranian Oil Co.","Oil & NGL",506.834227159952,506.834227159952,541.848004242124
"262",2015,"National Iranian Oil Co.","Oil & NGL",516.539049573192,516.539049573192,541.848004242124
"263",2016,"National Iranian Oil Co.","Oil & NGL",645.04898470475,645.04898470475,541.848004242124
"264",2017,"National Iranian Oil Co.","Oil & NGL",690.150948865355,690.150948865355,541.848004242124
"265",2018,"National Iranian Oil Co.","Oil & NGL",664.357132299779,664.357132299779,541.848004242124
"266",2019,"National Iranian Oil Co.","Oil & NGL",480.137180761508,480.137180761508,541.848004242124
"267",2020,"National Iranian Oil Co.","Oil & NGL",442.130011748564,442.130011748564,541.848004242124
"268",2021,"National Iranian Oil Co.","Oil & NGL",509.989076767531,509.989076767531,541.848004242124
"269",2022,"National Iranian Oil Co.","Oil & NGL",533.73430659309,533.73430659309,541.848004242124
"270",1970,"Pemex","Oil & NGL",70.8229544850093,70.8229544850093,355.633437969941
"271",1971,"Pemex","Oil & NGL",70.7392111266656,70.7392111266656,355.633437969941
"272",1972,"Pemex","Oil & NGL",73.1797139105355,73.1797139105355,355.633437969941
"273",1973,"Pemex","Oil & NGL",76.3579916936351,76.3579916936351,355.633437969941
"274",1974,"Pemex","Oil & NGL",95.028772825325,95.028772825325,355.633437969941
"275",1975,"Pemex","Oil & NGL",117.360335050328,117.360335050328,355.633437969941
"276",1976,"Pemex","Oil & NGL",130.157091840485,130.157091840485,355.633437969941
"277",1977,"Pemex","Oil & NGL",161.782185912443,161.782185912443,355.633437969941
"278",1978,"Pemex","Oil & NGL",193.4072799844,193.4072799844,355.633437969941
"279",1979,"Pemex","Oil & NGL",214.115816169122,214.115816169122,355.633437969941
"280",1980,"Pemex","Oil & NGL",282.574017725662,282.574017725662,355.633437969941
"281",1981,"Pemex","Oil & NGL",336.520691614919,336.520691614919,355.633437969941
"282",1982,"Pemex","Oil & NGL",342.065033627846,342.065033627846,355.633437969941
"283",1983,"Pemex","Oil & NGL",347.609375680651,347.609375680651,355.633437969941
"284",1984,"Pemex","Oil & NGL",353.153717693578,353.153717693578,355.633437969941
"285",1985,"Pemex","Oil & NGL",358.698059706505,358.698059706505,355.633437969941
"286",1986,"Pemex","Oil & NGL",364.242401759309,364.242401759309,355.633437969941
"287",1987,"Pemex","Oil & NGL",369.786743772236,369.786743772236,355.633437969941
"288",1988,"Pemex","Oil & NGL",365.838842593173,365.838842593173,355.633437969941
"289",1989,"Pemex","Oil & NGL",365.838842593173,365.838842593173,355.633437969941
"290",1990,"Pemex","Oil & NGL",384.262381428801,384.262381428801,355.633437969941
"291",1991,"Pemex","Oil & NGL",403.962009534428,403.962009534428,355.633437969941
"292",1992,"Pemex","Oil & NGL",388.050771449114,388.050771449114,355.633437969941
"293",1993,"Pemex","Oil & NGL",389.087593980989,389.087593980989,355.633437969941
"294",1994,"Pemex","Oil & NGL",457.398247715685,457.398247715685,355.633437969941
"295",1995,"Pemex","Oil & NGL",446.232466603184,446.232466603184,355.633437969941
"296",1996,"Pemex","Oil & NGL",478.134698353188,478.134698353188,355.633437969941
"297",1997,"Pemex","Oil & NGL",496.47848160944,496.47848160944,355.633437969941
"298",1998,"Pemex","Oil & NGL",509.638152206317,509.638152206317,355.633437969941
"299",1999,"Pemex","Oil & NGL",486.509034187564,486.509034187564,355.633437969941
"300",2000,"Pemex","Oil & NGL",502.16106663991,502.16106663991,355.633437969941
"301",2001,"Pemex","Oil & NGL",518.171999199444,518.171999199444,355.633437969941
"302",2002,"Pemex","Oil & NGL",521.810847508428,521.810847508428,355.633437969941
"303",2003,"Pemex","Oil & NGL",551.503849709745,551.503849709745,355.633437969941
"304",2004,"Pemex","Oil & NGL",556.743791274683,556.743791274683,355.633437969941
"305",2005,"Pemex","Oil & NGL",547.282785671322,547.282785671322,355.633437969941
"306",2006,"Pemex","Oil & NGL",536.075132879649,536.075132879649,355.633437969941
"307",2007,"Pemex","Oil & NGL",505.217699219457,505.217699219457,355.633437969941
"308",2008,"Pemex","Oil & NGL",459.659318390967,459.659318390967,355.633437969941
"309",2009,"Pemex","Oil & NGL",432.44073303976,432.44073303976,355.633437969941
"310",2010,"Pemex","Oil & NGL",429.96631618965,429.96631618965,355.633437969941
"311",2011,"Pemex","Oil & NGL",427.491899339541,427.491899339541,355.633437969941
"312",2012,"Pemex","Oil & NGL",423.998604962915,423.998604962915,355.633437969941
"313",2013,"Pemex","Oil & NGL",419.486433059774,419.486433059774,355.633437969941
"314",2014,"Pemex","Oil & NGL",405.804363417991,405.804363417991,355.633437969941
"315",2015,"Pemex","Oil & NGL",377.13023874319,377.13023874319,355.633437969941
"316",2016,"Pemex","Oil & NGL",357.91711967175,357.91711967175,355.633437969941
"317",2017,"Pemex","Oil & NGL",324.148607364371,324.148607364371,355.633437969941
"318",2018,"Pemex","Oil & NGL",301.442193916305,301.442193916305,355.633437969941
"319",2019,"Pemex","Oil & NGL",279.463550130037,279.463550130037,355.633437969941
"320",2020,"Pemex","Oil & NGL",278.153564738802,278.153564738802,355.633437969941
"321",2021,"Pemex","Oil & NGL",280.336873724193,280.336873724193,355.633437969941
"322",2022,"Pemex","Oil & NGL",283.132306781287,283.132306781287,355.633437969941
"323",1990,"Rosneft","Oil & NGL",311.700755313416,311.700755313416,368.841217210388
"324",1991,"Rosneft","Oil & NGL",275.878935615027,275.878935615027,368.841217210388
"325",1992,"Rosneft","Oil & NGL",233.650350225443,233.650350225443,368.841217210388
"326",1993,"Rosneft","Oil & NGL",201.031913372652,201.031913372652,368.841217210388
"327",1994,"Rosneft","Oil & NGL",180.350095307021,180.350095307021,368.841217210388
"328",1995,"Rosneft","Oil & NGL",174.235633814235,174.235633814235,368.841217210388
"329",1996,"Rosneft","Oil & NGL",170.447642571819,170.447642571819,368.841217210388
"330",1997,"Rosneft","Oil & NGL",172.18950442537,172.18950442537,368.841217210388
"331",1998,"Rosneft","Oil & NGL",165.782738734175,165.782738734175,368.841217210388
"332",1999,"Rosneft","Oil & NGL",164.917789475853,164.917789475853,368.841217210388
"333",2000,"Rosneft","Oil & NGL",181.811616299068,181.811616299068,368.841217210388
"334",2001,"Rosneft","Oil & NGL",212.980495496719,212.980495496719,368.841217210388
"335",2002,"Rosneft","Oil & NGL",247.92540259988,247.92540259988,368.841217210388
"336",2003,"Rosneft","Oil & NGL",294.430880933448,294.430880933448,368.841217210388
"337",2004,"Rosneft","Oil & NGL",298.078502356164,298.078502356164,368.841217210388
"338",2005,"Rosneft","Oil & NGL",425.105213626744,425.105213626744,368.841217210388
"339",2006,"Rosneft","Oil & NGL",232.367880509093,232.367880509093,368.841217210388
"340",2007,"Rosneft","Oil & NGL",295.095643687539,295.095643687539,368.841217210388
"341",2008,"Rosneft","Oil & NGL",309.571281344103,309.571281344103,368.841217210388
"342",2009,"Rosneft","Oil & NGL",317.586717071292,317.586717071292,368.841217210388
"343",2010,"Rosneft","Oil & NGL",337.924389811919,337.924389811919,368.841217210388
"344",2011,"Rosneft","Oil & NGL",346.965083511974,346.965083511974,368.841217210388
"345",2012,"Rosneft","Oil & NGL",356.611122059485,356.611122059485,368.841217210388
"346",2013,"Rosneft","Oil & NGL",553.03954339061,553.03954339061,368.841217210388
"347",2014,"Rosneft","Oil & NGL",598.931302540888,598.931302540888,368.841217210388
"348",2015,"Rosneft","Oil & NGL",592.792914374291,592.792914374291,368.841217210388
"349",2016,"Rosneft","Oil & NGL",613.838816659769,613.838816659769,368.841217210388
"350",2017,"Rosneft","Oil & NGL",659.145967413228,659.145967413228,368.841217210388
"351",2018,"Rosneft","Oil & NGL",672.88426473847,672.88426473847,368.841217210388
"352",2019,"Rosneft","Oil & NGL",672.88426473847,672.88426473847,368.841217210388
"353",2020,"Rosneft","Oil & NGL",597.762085747251,597.762085747251,368.841217210388
"354",2021,"Rosneft","Oil & NGL",561.516365144484,561.516365144484,368.841217210388
"355",2022,"Rosneft","Oil & NGL",742.32505503291,742.32505503291,368.841217210388
"356",1970,"Saudi Aramco","Oil & NGL",57.4096144488284,57.4096144488284,1162.77610314138
"357",1971,"Saudi Aramco","Oil & NGL",71.429885950084,71.429885950084,1162.77610314138
"358",1972,"Saudi Aramco","Oil & NGL",90.4491920249073,90.4491920249073,1162.77610314138
"359",1973,"Saudi Aramco","Oil & NGL",284.768878010697,284.768878010697,1162.77610314138
"360",1974,"Saudi Aramco","Oil & NGL",728.992690796591,728.992690796591,1162.77610314138
"361",1975,"Saudi Aramco","Oil & NGL",608.563684460787,608.563684460787,1162.77610314138
"362",1976,"Saudi Aramco","Oil & NGL",1244.71737018377,1244.71737018377,1162.77610314138
"363",1977,"Saudi Aramco","Oil & NGL",1344.39461360839,1344.39461360839,1162.77610314138
"364",1978,"Saudi Aramco","Oil & NGL",1210.89396131355,1210.89396131355,1162.77610314138
"365",1979,"Saudi Aramco","Oil & NGL",1391.54504660036,1391.54504660036,1162.77610314138
"366",1980,"Saudi Aramco","Oil & NGL",1459.46717222646,1459.46717222646,1162.77610314138
"367",1981,"Saudi Aramco","Oil & NGL",1466.01881951048,1466.01881951048,1162.77610314138
"368",1982,"Saudi Aramco","Oil & NGL",983.46762205328,983.46762205328,1162.77610314138
"369",1983,"Saudi Aramco","Oil & NGL",684.744210499399,684.744210499399,1162.77610314138
"370",1984,"Saudi Aramco","Oil & NGL",624.119749098116,624.119749098116,1162.77610314138
"371",1985,"Saudi Aramco","Oil & NGL",488.684810258483,488.684810258483,1162.77610314138
"372",1986,"Saudi Aramco","Oil & NGL",726.893136016303,726.893136016303,1162.77610314138
"373",1987,"Saudi Aramco","Oil & NGL",631.110351949677,631.110351949677,1162.77610314138
"374",1988,"Saudi Aramco","Oil & NGL",779.850990263021,779.850990263021,1162.77610314138
"375",1989,"Saudi Aramco","Oil & NGL",769.176648275846,769.176648275846,1162.77610314138
"376",1990,"Saudi Aramco","Oil & NGL",988.425141534871,988.425141534871,1162.77610314138
"377",1991,"Saudi Aramco","Oil & NGL",1255.44706803062,1255.44706803062,1162.77610314138
"378",1992,"Saudi Aramco","Oil & NGL",1279.34619375736,1279.34619375736,1162.77610314138
"379",1993,"Saudi Aramco","Oil & NGL",1239.35304510576,1239.35304510576,1162.77610314138
"380",1994,"Saudi Aramco","Oil & NGL",1243.42134481037,1243.42134481037,1162.77610314138
"381",1995,"Saudi Aramco","Oil & NGL",1242.94490491808,1242.94490491808,1162.77610314138
"382",1996,"Saudi Aramco","Oil & NGL",1258.25544391844,1258.25544391844,1162.77610314138
"383",1997,"Saudi Aramco","Oil & NGL",1240.02930891488,1240.02930891488,1162.77610314138
"384",1998,"Saudi Aramco","Oil & NGL",1276.66390496179,1276.66390496179,1162.77610314138
"385",1999,"Saudi Aramco","Oil & NGL",1166.09198598886,1166.09198598886,1162.77610314138
"386",2000,"Saudi Aramco","Oil & NGL",1248.98605109453,1248.98605109453,1162.77610314138
"387",2001,"Saudi Aramco","Oil & NGL",1218.53256030253,1218.53256030253,1162.77610314138
"388",2002,"Saudi Aramco","Oil & NGL",1123.31745770734,1123.31745770734,1162.77610314138
"389",2003,"Saudi Aramco","Oil & NGL",1333.95194283674,1333.95194283674,1162.77610314138
"390",2004,"Saudi Aramco","Oil & NGL",1410.59705461612,1410.59705461612,1162.77610314138
"391",2005,"Saudi Aramco","Oil & NGL",1479.6255085652,1479.6255085652,1162.77610314138
"392",2006,"Saudi Aramco","Oil & NGL",1455.14054569707,1455.14054569707,1162.77610314138
"393",2007,"Saudi Aramco","Oil & NGL",1399.19719087816,1399.19719087816,1162.77610314138
"394",2008,"Saudi Aramco","Oil & NGL",1462.89358556811,1462.89358556811,1162.77610314138
"395",2009,"Saudi Aramco","Oil & NGL",1315.16950389392,1315.16950389392,1162.77610314138
"396",2010,"Saudi Aramco","Oil & NGL",1328.72795238768,1328.72795238768,1162.77610314138
"397",2011,"Saudi Aramco","Oil & NGL",1503.95096027457,1503.95096027457,1162.77610314138
"398",2012,"Saudi Aramco","Oil & NGL",1579.55924952208,1579.55924952208,1162.77610314138
"399",2013,"Saudi Aramco","Oil & NGL",1439.46857434988,1439.46857434988,1162.77610314138
"400",2014,"Saudi Aramco","Oil & NGL",1459.92588045957,1459.92588045957,1162.77610314138
"401",2015,"Saudi Aramco","Oil & NGL",1596.35477759372,1596.35477759372,1162.77610314138
"402",2016,"Saudi Aramco","Oil & NGL",1739.58283786959,1739.58283786959,1162.77610314138
"403",2017,"Saudi Aramco","Oil & NGL",1662.20796253892,1662.20796253892,1162.77610314138
"404",2018,"Saudi Aramco","Oil & NGL",1693.81111086627,1693.81111086627,1162.77610314138
"405",2019,"Saudi Aramco","Oil & NGL",1633.26067500476,1633.26067500476,1162.77610314138
"406",2020,"Saudi Aramco","Oil & NGL",1518.70973023792,1518.70973023792,1162.77610314138
"407",2021,"Saudi Aramco","Oil & NGL",1507.79318531096,1507.79318531096,1162.77610314138
"408",2022,"Saudi Aramco","Oil & NGL",1679.69237942741,1679.69237942741,1162.77610314138
"409",1970,"Shell","Oil & NGL",533.489230305034,533.489230305034,349.41975694982
"410",1971,"Shell","Oil & NGL",786.3819336626,786.3819336626,349.41975694982
"411",1972,"Shell","Oil & NGL",814.594084420378,814.594084420378,349.41975694982
"412",1973,"Shell","Oil & NGL",857.166474213759,857.166474213759,349.41975694982
"413",1974,"Shell","Oil & NGL",754.992738796976,754.992738796976,349.41975694982
"414",1975,"Shell","Oil & NGL",506.802060614224,506.802060614224,349.41975694982
"415",1976,"Shell","Oil & NGL",483.164853202903,483.164853202903,349.41975694982
"416",1977,"Shell","Oil & NGL",467.152551417528,467.152551417528,349.41975694982
"417",1978,"Shell","Oil & NGL",435.509193040743,435.509193040743,349.41975694982
"418",1979,"Shell","Oil & NGL",414.159457229874,414.159457229874,349.41975694982
"419",1980,"Shell","Oil & NGL",196.788916549901,196.788916549901,349.41975694982
"420",1981,"Shell","Oil & NGL",183.397954772837,183.397954772837,349.41975694982
"421",1982,"Shell","Oil & NGL",198.826671602932,198.826671602932,349.41975694982
"422",1983,"Shell","Oil & NGL",217.894236742013,217.894236742013,349.41975694982
"423",1984,"Shell","Oil & NGL",234.196277166265,234.196277166265,349.41975694982
"424",1985,"Shell","Oil & NGL",238.562895137047,238.562895137047,349.41975694982
"425",1986,"Shell","Oil & NGL",262.433740043988,262.433740043988,349.41975694982
"426",1987,"Shell","Oil & NGL",257.04824454669,257.04824454669,349.41975694982
"427",1988,"Shell","Oil & NGL",257.530765801909,257.530765801909,349.41975694982
"428",1989,"Shell","Oil & NGL",276.113815796286,276.113815796286,349.41975694982
"429",1990,"Shell","Oil & NGL",297.328799910039,297.328799910039,349.41975694982
"430",1991,"Shell","Oil & NGL",325.562275008793,325.562275008793,349.41975694982
"431",1992,"Shell","Oil & NGL",322.611318571917,322.611318571917,349.41975694982
"432",1993,"Shell","Oil & NGL",322.491685202855,322.491685202855,349.41975694982
"433",1994,"Shell","Oil & NGL",339.918279296295,339.918279296295,349.41975694982
"434",1995,"Shell","Oil & NGL",351.163815988171,351.163815988171,349.41975694982
"435",1996,"Shell","Oil & NGL",370.165582774268,370.165582774268,349.41975694982
"436",1997,"Shell","Oil & NGL",374.253056217237,374.253056217237,349.41975694982
"437",1998,"Shell","Oil & NGL",375.389573223331,375.389573223331,349.41975694982
"438",1999,"Shell","Oil & NGL",364.831928403564,364.831928403564,349.41975694982
"439",2000,"Shell","Oil & NGL",375.022697558206,375.022697558206,349.41975694982
"440",2001,"Shell","Oil & NGL",363.133134562876,363.133134562876,349.41975694982
"441",2002,"Shell","Oil & NGL",360.190153683938,360.190153683938,349.41975694982
"442",2003,"Shell","Oil & NGL",363.380376858939,363.380376858939,349.41975694982
"443",2004,"Shell","Oil & NGL",346.675570758843,346.675570758843,349.41975694982
"444",2005,"Shell","Oil & NGL",324.18449737509,324.18449737509,349.41975694982
"445",2006,"Shell","Oil & NGL",316.09129995801,316.09129995801,349.41975694982
"446",2007,"Shell","Oil & NGL",301.888825160805,301.888825160805,349.41975694982
"447",2008,"Shell","Oil & NGL",284.055477612553,284.055477612553,349.41975694982
"448",2009,"Shell","Oil & NGL",282.681687757819,282.681687757819,349.41975694982
"449",2010,"Shell","Oil & NGL",284.537998867772,284.537998867772,349.41975694982
"450",2011,"Shell","Oil & NGL",266.509250150051,266.509250150051,349.41975694982
"451",2012,"Shell","Oil & NGL",262.870401841066,262.870401841066,349.41975694982
"452",2013,"Shell","Oil & NGL",252.099410846471,252.099410846471,349.41975694982
"453",2014,"Shell","Oil & NGL",248.271541814367,248.271541814367,349.41975694982
"454",2015,"Shell","Oil & NGL",262.688957897988,262.688957897988,349.41975694982
"455",2016,"Shell","Oil & NGL",268.272646010032,268.272646010032,349.41975694982
"456",2017,"Shell","Oil & NGL",265.711295578404,265.711295578404,349.41975694982
"457",2018,"Shell","Oil & NGL",262.406224369103,262.406224369103,349.41975694982
"458",2019,"Shell","Oil & NGL",273.007734757527,273.007734757527,349.41975694982
"459",2020,"Shell","Oil & NGL",263.226111725079,263.226111725079,349.41975694982
"460",2021,"Shell","Oil & NGL",253.143012602593,253.143012602593,349.41975694982
"461",2022,"Shell","Oil & NGL",219.276400932582,219.276400932582,349.41975694982
